Country,Region,Rank,Score,GDP,Family,LifeExpectancy,Freedom,GovernmentTrust,Generosity,DystopiaResidual,Year
Afghanistan,Southern Asia,153,3.58,0.32,0.3,0.3,0.23,0.1,0.37,1.95,2015
Albania,Central and Eastern Europe,95,4.96,0.88,0.8,0.81,0.36,0.06,0.14,1.9,2015
Algeria,Middle East and Northern Africa,68,5.61,0.94,1.08,0.62,0.29,0.17,0.08,2.43,2015
Argentina,Latin America and Caribbean,30,6.57,1.05,1.25,0.79,0.45,0.08,0.11,2.84,2015
Armenia,Central and Eastern Europe,127,4.35,0.77,0.78,0.73,0.2,0.04,0.08,1.76,2015
Australia,Australia and New Zealand,10,7.28,1.33,1.31,0.93,0.65,0.36,0.44,2.27,2015
Austria,Western Europe,13,7.2,1.34,1.3,0.89,0.62,0.19,0.33,2.53,2015
Azerbaijan,Central and Eastern Europe,80,5.21,1.02,0.94,0.64,0.37,0.16,0.08,2,2015
Bahrain,Middle East and Northern Africa,49,5.96,1.32,1.22,0.75,0.45,0.31,0.17,1.74,2015
Bangladesh,Southern Asia,109,4.69,0.4,0.43,0.6,0.41,0.13,0.21,2.52,2015
Belarus,Central and Eastern Europe,59,5.81,1.03,1.23,0.74,0.38,0.19,0.11,2.13,2015
Belgium,Western Europe,19,6.94,1.31,1.29,0.9,0.58,0.23,0.22,2.41,2015
Benin,Sub-Saharan Africa,155,3.34,0.29,0.35,0.32,0.48,0.08,0.18,1.63,2015
Bhutan,Southern Asia,79,5.25,0.77,1.1,0.57,0.53,0.15,0.48,1.64,2015
Bolivia,Latin America and Caribbean,51,5.89,0.68,0.98,0.54,0.57,0.09,0.21,2.82,2015
Bosnia and Herzegovina,Central and Eastern Europe,96,4.95,0.83,0.92,0.79,0.09,0,0.25,2.06,2015
Botswana,Sub-Saharan Africa,128,4.33,0.99,1.1,0.05,0.49,0.12,0.1,1.46,2015
Brazil,Latin America and Caribbean,16,6.98,0.98,1.23,0.7,0.49,0.18,0.15,3.26,2015
Bulgaria,Central and Eastern Europe,134,4.22,1.01,1.11,0.77,0.31,0.01,0.12,0.9,2015
Burkina Faso,Sub-Saharan Africa,152,3.59,0.26,0.85,0.27,0.39,0.13,0.22,1.46,2015
Burundi,Sub-Saharan Africa,157,2.91,0.02,0.42,0.22,0.12,0.1,0.2,1.83,2015
Cambodia,Southeastern Asia,145,3.82,0.46,0.63,0.61,0.66,0.07,0.4,0.98,2015
Cameroon,Sub-Saharan Africa,133,4.25,0.42,0.89,0.23,0.49,0.06,0.21,1.95,2015
Canada,North America,5,7.43,1.33,1.32,0.91,0.63,0.33,0.46,2.45,2015
Chad,Sub-Saharan Africa,149,3.67,0.34,0.76,0.15,0.24,0.05,0.18,1.94,2015
Chile,Latin America and Caribbean,27,6.67,1.11,1.12,0.86,0.44,0.13,0.33,2.68,2015
China,Eastern Asia,84,5.14,0.89,0.95,0.82,0.52,0.03,0.08,1.86,2015
Colombia,Latin America and Caribbean,33,6.48,0.92,1.24,0.69,0.53,0.05,0.18,2.86,2015
Congo (Brazzaville),Sub-Saharan Africa,139,3.99,0.68,0.66,0.31,0.41,0.12,0.12,1.68,2015
Congo (Kinshasa),Sub-Saharan Africa,120,4.52,0,1,0.1,0.23,0.08,0.25,2.87,2015
Costa Rica,Latin America and Caribbean,12,7.23,0.96,1.24,0.86,0.63,0.11,0.25,3.18,2015
Croatia,Central and Eastern Europe,62,5.76,1.08,0.8,0.79,0.26,0.02,0.05,2.75,2015
Cyprus,Western Europe,67,5.69,1.21,0.89,0.92,0.41,0.06,0.31,1.89,2015
Czech Republic,Central and Eastern Europe,31,6.51,1.18,1.21,0.84,0.46,0.03,0.11,2.68,2015
Denmark,Western Europe,3,7.53,1.33,1.36,0.87,0.65,0.48,0.34,2.49,2015
Dominican Republic,Latin America and Caribbean,98,4.89,0.9,1.17,0.67,0.58,0.14,0.22,1.21,2015
Ecuador,Latin America and Caribbean,48,5.98,0.86,1,0.79,0.49,0.18,0.12,2.54,2015
Egypt,Middle East and Northern Africa,135,4.19,0.88,0.75,0.62,0.17,0.06,0.11,1.6,2015
El Salvador,Latin America and Caribbean,42,6.13,0.76,1.03,0.68,0.4,0.12,0.11,3.04,2015
Estonia,Central and Eastern Europe,73,5.43,1.15,1.23,0.77,0.45,0.15,0.09,1.59,2015
Ethiopia,Sub-Saharan Africa,122,4.51,0.19,0.6,0.44,0.43,0.15,0.24,2.45,2015
Finland,Western Europe,6,7.41,1.29,1.32,0.89,0.64,0.41,0.23,2.62,2015
France,Western Europe,29,6.58,1.28,1.26,0.95,0.55,0.21,0.12,2.21,2015
Gabon,Sub-Saharan Africa,143,3.9,1.06,0.91,0.43,0.32,0.11,0.07,1,2015
Georgia,Central and Eastern Europe,130,4.3,0.74,0.39,0.73,0.41,0.38,0.06,1.6,2015
Germany,Western Europe,26,6.75,1.33,1.3,0.89,0.61,0.22,0.28,2.12,2015
Ghana,Sub-Saharan Africa,114,4.63,0.55,0.68,0.4,0.42,0.04,0.23,2.31,2015
Greece,Western Europe,102,4.86,1.15,0.93,0.88,0.08,0.01,0,1.8,2015
Guatemala,Latin America and Caribbean,43,6.12,0.75,1.04,0.64,0.58,0.09,0.27,2.74,2015
Guinea,Sub-Saharan Africa,150,3.66,0.17,0.46,0.24,0.38,0.12,0.29,1.99,2015
Haiti,Latin America and Caribbean,119,4.52,0.27,0.74,0.39,0.24,0.17,0.46,2.24,2015
Honduras,Latin America and Caribbean,105,4.79,0.6,0.95,0.7,0.4,0.07,0.23,1.84,2015
Hong Kong,Eastern Asia,72,5.47,1.39,1.06,1.01,0.6,0.37,0.39,0.65,2015
Hungary,Central and Eastern Europe,104,4.8,1.12,1.2,0.76,0.32,0.03,0.13,1.24,2015
Iceland,Western Europe,2,7.56,1.3,1.4,0.95,0.63,0.14,0.44,2.7,2015
India,Southern Asia,117,4.57,0.64,0.38,0.52,0.4,0.08,0.26,2.28,2015
Indonesia,Southeastern Asia,74,5.4,0.83,1.09,0.64,0.47,0,0.52,1.86,2015
Iran,Middle East and Northern Africa,110,4.69,1.01,0.54,0.7,0.3,0.06,0.38,1.69,2015
Iraq,Middle East and Northern Africa,112,4.68,0.99,0.82,0.6,0,0.14,0.18,1.95,2015
Ireland,Western Europe,18,6.94,1.34,1.37,0.9,0.62,0.29,0.46,1.98,2015
Israel,Middle East and Northern Africa,11,7.28,1.23,1.22,0.91,0.41,0.08,0.33,3.09,2015
Italy,Western Europe,50,5.95,1.25,1.2,0.95,0.26,0.03,0.23,2.03,2015
Ivory Coast,Sub-Saharan Africa,151,3.66,0.47,0.77,0.15,0.47,0.18,0.2,1.42,2015
Jamaica,Latin America and Caribbean,65,5.71,0.81,1.15,0.69,0.5,0.02,0.21,2.32,2015
Japan,Eastern Asia,46,5.99,1.27,1.26,0.99,0.5,0.18,0.11,1.68,2015
Jordan,Middle East and Northern Africa,82,5.19,0.9,1.05,0.7,0.41,0.14,0.11,1.88,2015
Kazakhstan,Central and Eastern Europe,54,5.86,1.12,1.12,0.64,0.52,0.08,0.12,2.25,2015
Kenya,Sub-Saharan Africa,125,4.42,0.36,1,0.41,0.42,0.06,0.38,1.79,2015
Kosovo,Central and Eastern Europe,69,5.59,0.8,0.81,0.63,0.25,0.05,0.28,2.77,2015
Kuwait,Middle East and Northern Africa,39,6.3,1.55,1.17,0.72,0.55,0.26,0.16,1.88,2015
Kyrgyzstan,Central and Eastern Europe,77,5.29,0.47,1.15,0.65,0.43,0.04,0.3,2.23,2015
Latvia,Central and Eastern Europe,89,5.1,1.11,1.1,0.72,0.3,0.06,0.18,1.62,2015
Lebanon,Middle East and Northern Africa,103,4.84,1.03,0.8,0.84,0.34,0.05,0.22,1.57,2015
Liberia,Sub-Saharan Africa,116,4.57,0.07,0.79,0.34,0.29,0.06,0.24,2.78,2015
Libya,Middle East and Northern Africa,63,5.75,1.13,1.12,0.7,0.42,0.11,0.18,2.09,2015
Lithuania,Central and Eastern Europe,56,5.83,1.15,1.26,0.73,0.21,0.01,0.03,2.45,2015
Luxembourg,Western Europe,17,6.95,1.56,1.22,0.92,0.62,0.38,0.28,1.97,2015
Madagascar,Sub-Saharan Africa,147,3.68,0.21,0.67,0.47,0.19,0.08,0.21,1.85,2015
Malawi,Sub-Saharan Africa,131,4.29,0.02,0.41,0.23,0.43,0.07,0.33,2.81,2015
Malaysia,Southeastern Asia,61,5.77,1.12,1.07,0.72,0.53,0.11,0.33,1.89,2015
Mali,Sub-Saharan Africa,138,4,0.26,1.04,0.21,0.39,0.12,0.19,1.79,2015
Malta,Western Europe,37,6.3,1.21,1.3,0.89,0.6,0.14,0.52,1.65,2015
Mauritania,Sub-Saharan Africa,124,4.44,0.45,0.87,0.36,0.24,0.17,0.22,2.12,2015
Mauritius,Sub-Saharan Africa,71,5.48,1.01,0.99,0.71,0.56,0.08,0.38,1.76,2015
Mexico,Latin America and Caribbean,14,7.19,1.02,0.91,0.81,0.48,0.21,0.14,3.6,2015
Moldova,Central and Eastern Europe,52,5.89,0.59,1.02,0.62,0.33,0.02,0.21,3.11,2015
Mongolia,Eastern Asia,100,4.87,0.83,1.3,0.6,0.44,0.03,0.33,1.35,2015
Montenegro,Central and Eastern Europe,82,5.19,0.97,0.91,0.73,0.18,0.14,0.16,2.1,2015
Morocco,Middle East and Northern Africa,92,5.01,0.73,0.64,0.61,0.42,0.09,0.07,2.45,2015
Myanmar,Southeastern Asia,129,4.31,0.27,0.71,0.48,0.44,0.19,0.8,1.42,2015
Nepal,Southern Asia,121,4.51,0.36,0.86,0.57,0.38,0.06,0.32,1.96,2015
Netherlands,Western Europe,7,7.38,1.33,1.28,0.89,0.62,0.32,0.48,2.47,2015
New Zealand,Australia and New Zealand,9,7.29,1.25,1.32,0.91,0.64,0.43,0.48,2.26,2015
Nicaragua,Latin America and Caribbean,57,5.83,0.59,1.14,0.74,0.55,0.19,0.28,2.32,2015
Niger,Sub-Saharan Africa,144,3.85,0.07,0.77,0.3,0.48,0.16,0.19,1.88,2015
Nigeria,Sub-Saharan Africa,78,5.27,0.65,0.9,0.16,0.34,0.04,0.27,2.89,2015
North Cyprus,Western Europe,66,5.7,1.21,1.07,0.92,0.49,0.14,0.26,1.6,2015
Norway,Western Europe,4,7.52,1.46,1.33,0.89,0.67,0.37,0.35,2.47,2015
Pakistan,Southern Asia,81,5.19,0.6,0.41,0.51,0.12,0.1,0.34,3.11,2015
Palestinian Territories,Middle East and Northern Africa,108,4.72,0.6,0.93,0.66,0.24,0.13,0.11,2.04,2015
Panama,Latin America and Caribbean,25,6.79,1.06,1.2,0.8,0.54,0.09,0.24,2.85,2015
Paraguay,Latin America and Caribbean,53,5.88,0.76,1.3,0.66,0.54,0.08,0.34,2.19,2015
Peru,Latin America and Caribbean,58,5.82,0.9,0.97,0.73,0.41,0.06,0.15,2.59,2015
Philippines,Southeastern Asia,90,5.07,0.71,1.04,0.58,0.63,0.12,0.25,1.75,2015
Poland,Central and Eastern Europe,60,5.79,1.13,1.28,0.78,0.53,0.04,0.17,1.87,2015
Portugal,Western Europe,88,5.1,1.16,1.14,0.88,0.51,0.01,0.14,1.26,2015
Qatar,Middle East and Northern Africa,28,6.61,1.69,1.08,0.8,0.64,0.52,0.33,1.56,2015
Romania,Central and Eastern Europe,86,5.12,1.04,0.89,0.77,0.35,0.01,0.14,1.93,2015
Russia,Central and Eastern Europe,64,5.72,1.14,1.24,0.67,0.37,0.03,0,2.27,2015
Rwanda,Sub-Saharan Africa,154,3.47,0.22,0.77,0.43,0.59,0.55,0.23,0.67,2015
Saudi Arabia,Middle East and Northern Africa,35,6.41,1.4,1.08,0.72,0.31,0.33,0.14,2.44,2015
Senegal,Sub-Saharan Africa,142,3.9,0.36,0.98,0.44,0.37,0.11,0.21,1.44,2015
Serbia,Central and Eastern Europe,87,5.12,0.92,1.01,0.75,0.2,0.03,0.19,2.03,2015
Sierra Leone,Sub-Saharan Africa,123,4.51,0.33,0.96,0,0.41,0.09,0.21,2.51,2015
Singapore,Southeastern Asia,24,6.8,1.52,1.02,1.03,0.54,0.49,0.31,1.89,2015
Slovakia,Central and Eastern Europe,45,6,1.17,1.27,0.79,0.32,0.03,0.17,2.25,2015
Slovenia,Central and Eastern Europe,55,5.85,1.18,1.27,0.87,0.61,0.04,0.25,1.62,2015
South Africa,Sub-Saharan Africa,113,4.64,0.92,1.18,0.28,0.33,0.09,0.12,1.72,2015
South Korea,Eastern Asia,47,5.98,1.24,0.96,0.97,0.33,0.08,0.19,2.22,2015
Spain,Western Europe,36,6.33,1.23,1.31,0.96,0.46,0.06,0.18,2.12,2015
Sri Lanka,Southern Asia,132,4.27,0.84,1.02,0.71,0.54,0.09,0.41,0.67,2015
Sudan,Sub-Saharan Africa,118,4.55,0.52,1.01,0.37,0.1,0.15,0.19,2.21,2015
Sweden,Western Europe,8,7.36,1.33,1.29,0.91,0.66,0.44,0.36,2.37,2015
Switzerland,Western Europe,1,7.59,1.4,1.35,0.94,0.67,0.42,0.3,2.52,2015
Syria,Middle East and Northern Africa,156,3.01,0.66,0.47,0.72,0.16,0.19,0.47,0.33,2015
Taiwan,Eastern Asia,38,6.3,1.29,1.08,0.88,0.4,0.08,0.25,2.32,2015
Tajikistan,Central and Eastern Europe,106,4.79,0.39,0.86,0.57,0.47,0.15,0.23,2.11,2015
Tanzania,Sub-Saharan Africa,146,3.78,0.29,1,0.38,0.33,0.06,0.34,1.38,2015
Thailand,Southeastern Asia,34,6.46,0.97,1.27,0.74,0.56,0.03,0.58,2.32,2015
Togo,Sub-Saharan Africa,158,2.84,0.21,0.14,0.28,0.36,0.11,0.17,1.57,2015
Trinidad and Tobago,Latin America and Caribbean,41,6.17,1.21,1.18,0.61,0.56,0.01,0.32,2.27,2015
Tunisia,Middle East and Northern Africa,107,4.74,0.88,0.6,0.74,0.26,0.06,0.06,2.12,2015
Turkey,Middle East and Northern Africa,76,5.33,1.06,0.95,0.73,0.23,0.16,0.12,2.09,2015
Turkmenistan,Central and Eastern Europe,70,5.55,0.96,1.23,0.54,0.48,0.31,0.17,1.87,2015
Uganda,Sub-Saharan Africa,141,3.93,0.21,1.13,0.34,0.46,0.07,0.29,1.43,2015
Ukraine,Central and Eastern Europe,111,4.68,0.8,1.2,0.67,0.25,0.03,0.15,1.57,2015
United Arab Emirates,Middle East and Northern Africa,20,6.9,1.43,1.13,0.81,0.64,0.39,0.26,2.25,2015
United Kingdom,Western Europe,21,6.87,1.27,1.29,0.91,0.6,0.32,0.52,1.97,2015
United States,North America,15,7.12,1.39,1.25,0.86,0.55,0.16,0.4,2.51,2015
Uruguay,Latin America and Caribbean,32,6.49,1.06,1.21,0.81,0.6,0.25,0.23,2.32,2015
Uzbekistan,Central and Eastern Europe,44,6,0.63,1.34,0.6,0.66,0.31,0.23,2.24,2015
Venezuela,Latin America and Caribbean,23,6.81,1.04,1.26,0.72,0.43,0.11,0.06,3.19,2015
Vietnam,Southeastern Asia,75,5.36,0.63,0.91,0.75,0.59,0.1,0.17,2.2,2015
Yemen,Middle East and Northern Africa,136,4.08,0.55,0.68,0.4,0.36,0.08,0.09,1.92,2015
Zambia,Sub-Saharan Africa,85,5.13,0.47,0.92,0.3,0.49,0.12,0.2,2.63,2015
Zimbabwe,Sub-Saharan Africa,115,4.61,0.27,1.03,0.33,0.26,0.08,0.19,2.44,2015
Afghanistan,Southern Asia,154,3.36,0.38,0.11,0.17,0.16,0.07,0.31,2.15,2016
Albania,Central and Eastern Europe,109,4.66,0.96,0.5,0.73,0.32,0.05,0.17,1.93,2016
Algeria,Middle East and Northern Africa,38,6.36,1.05,0.83,0.62,0.21,0.16,0.07,3.41,2016
Argentina,Latin America and Caribbean,26,6.65,1.15,1.07,0.7,0.42,0.07,0.11,3.13,2016
Armenia,Central and Eastern Europe,121,4.36,0.86,0.62,0.64,0.14,0.04,0.08,1.98,2016
Australia,Australia and New Zealand,9,7.31,1.44,1.1,0.85,0.57,0.32,0.47,2.55,2016
Austria,Western Europe,12,7.12,1.45,1.08,0.81,0.54,0.21,0.33,2.69,2016
Azerbaijan,Central and Eastern Europe,81,5.29,1.12,0.76,0.55,0.35,0.18,0.06,2.27,2016
Bahrain,Middle East and Northern Africa,42,6.22,1.44,0.94,0.66,0.47,0.26,0.17,2.27,2016
Bangladesh,Southern Asia,110,4.64,0.54,0.25,0.53,0.4,0.13,0.19,2.61,2016
Belarus,Central and Eastern Europe,61,5.8,1.13,1.05,0.63,0.29,0.17,0.14,2.39,2016
Belgium,Western Europe,18,6.93,1.43,1.05,0.82,0.51,0.26,0.24,2.61,2016
Benin,Sub-Saharan Africa,153,3.48,0.39,0.1,0.21,0.4,0.07,0.2,2.11,2016
Bhutan,Southern Asia,84,5.2,0.85,0.91,0.5,0.46,0.16,0.49,1.83,2016
Bolivia,Latin America and Caribbean,59,5.82,0.79,0.84,0.47,0.51,0.08,0.22,2.92,2016
Bosnia and Herzegovina,Central and Eastern Europe,87,5.16,0.93,0.64,0.71,0.1,0,0.3,2.48,2016
Botswana,Sub-Saharan Africa,137,3.97,1.09,0.89,0.35,0.44,0.11,0.12,0.97,2016
Brazil,Latin America and Caribbean,17,6.95,1.09,1.04,0.61,0.4,0.14,0.16,3.51,2016
Bulgaria,Central and Eastern Europe,129,4.22,1.11,0.93,0.68,0.21,0.01,0.13,1.15,2016
Burkina Faso,Sub-Saharan Africa,145,3.74,0.32,0.63,0.21,0.33,0.13,0.24,1.87,2016
Burundi,Sub-Saharan Africa,157,2.91,0.07,0.23,0.16,0.04,0.09,0.2,2.1,2016
Cambodia,Southeastern Asia,140,3.91,0.56,0.54,0.42,0.59,0.08,0.4,1.32,2016
Cameroon,Sub-Saharan Africa,114,4.51,0.52,0.63,0.13,0.43,0.06,0.23,2.52,2016
Canada,North America,6,7.4,1.44,1.1,0.83,0.57,0.31,0.45,2.7,2016
Chad,Sub-Saharan Africa,144,3.76,0.42,0.63,0.04,0.13,0.05,0.19,2.31,2016
Chile,Latin America and Caribbean,24,6.71,1.22,0.91,0.82,0.38,0.11,0.32,2.96,2016
China,Eastern Asia,83,5.25,1.03,0.79,0.74,0.44,0.03,0.05,2.17,2016
Colombia,Latin America and Caribbean,31,6.48,1.03,1.02,0.6,0.45,0.05,0.16,3.17,2016
Congo (Brazzaville),Sub-Saharan Africa,127,4.24,0.77,0.48,0.28,0.38,0.1,0.12,2.11,2016
Congo (Kinshasa),Sub-Saharan Africa,125,4.27,0.06,0.81,0.19,0.16,0.06,0.25,2.75,2016
Costa Rica,Latin America and Caribbean,14,7.09,1.07,1.02,0.76,0.55,0.11,0.23,3.35,2016
Croatia,Central and Eastern Europe,74,5.49,1.19,0.61,0.71,0.24,0.04,0.18,2.52,2016
Cyprus,Western Europe,69,5.55,1.32,0.71,0.85,0.3,0.05,0.28,2.04,2016
Czech Republic,Central and Eastern Europe,27,6.6,1.31,1.01,0.76,0.41,0.04,0.1,2.96,2016
Denmark,Western Europe,1,7.53,1.44,1.16,0.8,0.58,0.44,0.36,2.74,2016
Dominican Republic,Latin America and Caribbean,89,5.16,1.03,0.99,0.58,0.52,0.12,0.21,1.7,2016
Ecuador,Latin America and Caribbean,51,5.98,0.97,0.86,0.69,0.4,0.18,0.1,2.77,2016
Egypt,Middle East and Northern Africa,120,4.36,0.95,0.5,0.52,0.19,0.1,0.13,1.97,2016
El Salvador,Latin America and Caribbean,46,6.07,0.87,0.81,0.6,0.37,0.11,0.09,3.22,2016
Estonia,Central and Eastern Europe,72,5.52,1.28,1.05,0.68,0.42,0.19,0.08,1.82,2016
Ethiopia,Sub-Saharan Africa,115,4.51,0.29,0.38,0.35,0.37,0.17,0.3,2.66,2016
Finland,Western Europe,5,7.41,1.41,1.13,0.81,0.57,0.41,0.25,2.83,2016
France,Western Europe,32,6.48,1.39,1.01,0.84,0.47,0.18,0.12,2.47,2016
Gabon,Sub-Saharan Africa,134,4.12,1.16,0.72,0.35,0.28,0.09,0.06,1.45,2016
Georgia,Central and Eastern Europe,126,4.25,0.84,0.19,0.64,0.32,0.32,0.07,1.87,2016
Germany,Western Europe,16,6.99,1.45,1.1,0.81,0.53,0.29,0.3,2.51,2016
Ghana,Sub-Saharan Africa,124,4.28,0.63,0.49,0.3,0.41,0.03,0.21,2.2,2016
Greece,Western Europe,99,5.03,1.25,0.75,0.8,0.06,0.04,0,2.13,2016
Guatemala,Latin America and Caribbean,39,6.32,0.83,0.87,0.54,0.5,0.09,0.29,3.2,2016
Guinea,Sub-Saharan Africa,151,3.61,0.22,0.31,0.19,0.31,0.12,0.3,2.16,2016
Haiti,Latin America and Caribbean,136,4.03,0.34,0.3,0.27,0.12,0.14,0.48,2.37,2016
Honduras,Latin America and Caribbean,104,4.87,0.69,0.76,0.58,0.27,0.07,0.2,2.3,2016
Hong Kong,Eastern Asia,75,5.46,1.51,0.87,0.95,0.48,0.32,0.4,0.93,2016
Hungary,Central and Eastern Europe,91,5.15,1.24,0.93,0.68,0.2,0.04,0.1,1.95,2016
Iceland,Western Europe,3,7.5,1.43,1.18,0.87,0.57,0.15,0.48,2.83,2016
India,Southern Asia,118,4.4,0.74,0.29,0.45,0.4,0.09,0.25,2.18,2016
Indonesia,Southeastern Asia,79,5.31,0.95,0.88,0.49,0.39,0,0.57,2.03,2016
Iran,Middle East and Northern Africa,105,4.81,1.12,0.39,0.64,0.23,0.06,0.39,2,2016
Iraq,Middle East and Northern Africa,112,4.58,1.07,0.59,0.51,0.25,0.14,0.2,1.82,2016
Ireland,Western Europe,19,6.91,1.48,1.16,0.81,0.54,0.3,0.45,2.16,2016
Israel,Middle East and Northern Africa,11,7.27,1.34,1,0.85,0.36,0.09,0.32,3.31,2016
Italy,Western Europe,50,5.98,1.35,1.04,0.85,0.19,0.03,0.17,2.35,2016
Ivory Coast,Sub-Saharan Africa,139,3.92,0.56,0.58,0.04,0.41,0.16,0.2,1.97,2016
Jamaica,Latin America and Caribbean,73,5.51,0.89,0.96,0.59,0.44,0.04,0.22,2.36,2016
Japan,Eastern Asia,53,5.92,1.38,1.06,0.91,0.47,0.19,0.1,1.81,2016
Jordan,Middle East and Northern Africa,80,5.3,1,0.86,0.61,0.36,0.13,0.14,2.2,2016
Kazakhstan,Central and Eastern Europe,54,5.92,1.23,0.96,0.57,0.41,0.11,0.15,2.49,2016
Kenya,Sub-Saharan Africa,122,4.36,0.52,0.76,0.3,0.41,0.07,0.41,1.88,2016
Kosovo,Central and Eastern Europe,77,5.4,0.9,0.66,0.54,0.14,0.07,0.28,2.81,2016
Kuwait,Middle East and Northern Africa,41,6.24,1.62,0.88,0.64,0.43,0.24,0.16,2.28,2016
Kyrgyzstan,Central and Eastern Europe,85,5.19,0.56,0.95,0.55,0.4,0.05,0.38,2.28,2016
Latvia,Central and Eastern Europe,68,5.56,1.22,0.95,0.64,0.28,0.09,0.17,2.21,2016
Lebanon,Middle East and Northern Africa,93,5.13,1.12,0.64,0.76,0.26,0.03,0.24,2.07,2016
Liberia,Sub-Saharan Africa,150,3.62,0.11,0.5,0.23,0.26,0.05,0.24,2.23,2016
Libya,Middle East and Northern Africa,67,5.62,1.07,0.95,0.52,0.41,0.1,0.17,2.39,2016
Lithuania,Central and Eastern Europe,60,5.81,1.27,1.06,0.65,0.19,0.02,0.02,2.61,2016
Luxembourg,Western Europe,20,6.87,1.7,1.04,0.85,0.55,0.35,0.28,2.11,2016
Madagascar,Sub-Saharan Africa,148,3.7,0.28,0.46,0.37,0.14,0.08,0.22,2.15,2016
Malawi,Sub-Saharan Africa,132,4.16,0.09,0.15,0.29,0.41,0.08,0.31,2.83,2016
Malaysia,Southeastern Asia,47,6.01,1.25,0.88,0.62,0.39,0.09,0.41,2.35,2016
Mali,Sub-Saharan Africa,135,4.07,0.31,0.86,0.16,0.28,0.14,0.21,2.11,2016
Malta,Western Europe,30,6.49,1.31,1.1,0.8,0.55,0.18,0.56,1.99,2016
Mauritania,Sub-Saharan Africa,130,4.2,0.61,0.84,0.29,0.13,0.18,0.23,1.93,2016
Mauritius,Sub-Saharan Africa,66,5.65,1.14,0.76,0.66,0.46,0.05,0.37,2.2,2016
Mexico,Latin America and Caribbean,21,6.78,1.12,0.71,0.71,0.38,0.18,0.12,3.56,2016
Moldova,Central and Eastern Europe,55,5.9,0.69,0.83,0.52,0.25,0.02,0.2,3.38,2016
Mongolia,Eastern Asia,101,4.91,0.99,1.09,0.55,0.36,0.03,0.35,1.54,2016
Montenegro,Central and Eastern Europe,88,5.16,1.08,0.74,0.64,0.15,0.13,0.17,2.26,2016
Morocco,Middle East and Northern Africa,90,5.15,0.84,0.39,0.59,0.26,0.08,0.04,2.95,2016
Myanmar,Southeastern Asia,119,4.4,0.34,0.7,0.4,0.43,0.2,0.82,1.51,2016
Nepal,Southern Asia,107,4.79,0.45,0.7,0.5,0.37,0.07,0.38,2.33,2016
Netherlands,Western Europe,7,7.34,1.46,1.03,0.81,0.55,0.3,0.47,2.71,2016
New Zealand,Australia and New Zealand,8,7.33,1.36,1.17,0.83,0.58,0.42,0.49,2.48,2016
Nicaragua,Latin America and Caribbean,48,5.99,0.69,0.9,0.65,0.47,0.16,0.3,2.82,2016
Niger,Sub-Saharan Africa,142,3.86,0.13,0.61,0.26,0.38,0.17,0.21,2.09,2016
Nigeria,Sub-Saharan Africa,103,4.88,0.75,0.64,0.05,0.28,0.03,0.23,2.89,2016
North Cyprus,Western Europe,62,5.77,1.31,0.82,0.84,0.44,0.17,0.26,1.93,2016
Norway,Western Europe,4,7.5,1.58,1.13,0.8,0.6,0.36,0.38,2.66,2016
Pakistan,Southern Asia,92,5.13,0.69,0.26,0.4,0.15,0.14,0.31,3.18,2016
Palestinian Territories,Middle East and Northern Africa,108,4.75,0.67,0.72,0.57,0.18,0.11,0.11,2.4,2016
Panama,Latin America and Caribbean,25,6.7,1.18,0.99,0.71,0.49,0.08,0.24,3.01,2016
Paraguay,Latin America and Caribbean,70,5.54,0.89,1.11,0.58,0.46,0.07,0.25,2.16,2016
Peru,Latin America and Caribbean,64,5.74,1,0.81,0.63,0.38,0.05,0.15,2.73,2016
Philippines,Southeastern Asia,82,5.28,0.81,0.88,0.47,0.55,0.12,0.22,2.23,2016
Poland,Central and Eastern Europe,57,5.84,1.25,1.05,0.69,0.45,0.06,0.14,2.2,2016
Portugal,Western Europe,94,5.12,1.28,0.94,0.79,0.45,0.02,0.12,1.53,2016
Qatar,Middle East and Northern Africa,36,6.38,1.82,0.88,0.72,0.57,0.48,0.32,1.58,2016
Romania,Central and Eastern Europe,71,5.53,1.17,0.73,0.68,0.37,0.01,0.13,2.45,2016
Russia,Central and Eastern Europe,56,5.86,1.23,1.05,0.59,0.33,0.04,0.03,2.59,2016
Rwanda,Sub-Saharan Africa,152,3.52,0.33,0.62,0.32,0.54,0.51,0.24,0.97,2016
Saudi Arabia,Middle East and Northern Africa,34,6.38,1.49,0.85,0.59,0.38,0.3,0.15,2.61,2016
Senegal,Sub-Saharan Africa,128,4.22,0.44,0.77,0.4,0.31,0.12,0.19,1.98,2016
Serbia,Central and Eastern Europe,86,5.18,1.03,0.81,0.65,0.16,0.04,0.21,2.28,2016
Sierra Leone,Sub-Saharan Africa,111,4.64,0.36,0.63,0,0.31,0.08,0.24,3.01,2016
Singapore,Southeastern Asia,22,6.74,1.65,0.87,0.95,0.49,0.47,0.33,1.99,2016
Slovakia,Central and Eastern Europe,45,6.08,1.28,1.08,0.7,0.23,0.03,0.14,2.61,2016
Slovenia,Central and Eastern Europe,63,5.77,1.3,1.06,0.79,0.53,0.04,0.26,1.8,2016
South Africa,Sub-Saharan Africa,116,4.46,1.02,0.96,0.19,0.42,0.08,0.14,1.64,2016
South Korea,Eastern Asia,57,5.84,1.36,0.72,0.89,0.25,0.08,0.19,2.35,2016
Spain,Western Europe,37,6.36,1.34,1.13,0.88,0.38,0.06,0.18,2.4,2016
Sri Lanka,Southern Asia,117,4.42,0.97,0.85,0.62,0.51,0.08,0.47,0.92,2016
Sudan,Sub-Saharan Africa,133,4.14,0.63,0.82,0.3,0,0.1,0.18,2.11,2016
Sweden,Western Europe,10,7.29,1.45,1.09,0.83,0.58,0.41,0.38,2.55,2016
Switzerland,Western Europe,2,7.51,1.53,1.15,0.86,0.59,0.41,0.28,2.69,2016
Syria,Middle East and Northern Africa,156,3.07,0.75,0.15,0.63,0.07,0.17,0.48,0.82,2016
Taiwan,Eastern Asia,34,6.38,1.4,0.93,0.8,0.32,0.07,0.25,2.62,2016
Tajikistan,Central and Eastern Europe,100,5,0.49,0.76,0.53,0.43,0.14,0.26,2.39,2016
Tanzania,Sub-Saharan Africa,149,3.67,0.47,0.78,0.36,0.32,0.05,0.31,1.38,2016
Thailand,Southeastern Asia,33,6.47,1.09,1.04,0.65,0.5,0.03,0.59,2.58,2016
Togo,Sub-Saharan Africa,155,3.3,0.28,0,0.25,0.35,0.12,0.18,2.14,2016
Trinidad and Tobago,Latin America and Caribbean,43,6.17,1.33,0.99,0.53,0.48,0.01,0.32,2.51,2016
Tunisia,Middle East and Northern Africa,98,5.05,0.98,0.43,0.6,0.24,0.08,0.04,2.68,2016
Turkey,Middle East and Northern Africa,78,5.39,1.16,0.88,0.65,0.24,0.12,0.05,2.29,2016
Turkmenistan,Central and Eastern Europe,65,5.66,1.08,1.04,0.44,0.37,0.28,0.23,2.21,2016
Uganda,Sub-Saharan Africa,145,3.74,0.35,0.91,0.2,0.44,0.06,0.27,1.51,2016
Ukraine,Central and Eastern Europe,123,4.32,0.87,1.01,0.59,0.13,0.02,0.2,1.5,2016
United Arab Emirates,Middle East and Northern Africa,28,6.57,1.57,0.87,0.73,0.56,0.36,0.27,2.22,2016
United Kingdom,Western Europe,23,6.73,1.4,1.09,0.81,0.5,0.27,0.5,2.15,2016
United States,North America,13,7.1,1.51,1.05,0.78,0.48,0.15,0.41,2.73,2016
Uruguay,Latin America and Caribbean,29,6.55,1.18,1.03,0.72,0.54,0.21,0.18,2.67,2016
Uzbekistan,Central and Eastern Europe,49,5.99,0.74,1.17,0.5,0.61,0.28,0.34,2.35,2016
Venezuela,Latin America and Caribbean,44,6.08,1.13,1.03,0.62,0.2,0.08,0.04,2.97,2016
Vietnam,Southeastern Asia,96,5.06,0.74,0.79,0.66,0.56,0.12,0.25,1.94,2016
Yemen,Middle East and Northern Africa,147,3.72,0.58,0.47,0.31,0.23,0.06,0.1,1.97,2016
Zambia,Sub-Saharan Africa,106,4.8,0.61,0.64,0.24,0.43,0.11,0.18,2.59,2016
Zimbabwe,Sub-Saharan Africa,131,4.19,0.35,0.71,0.16,0.25,0.09,0.19,2.44,2016
Afghanistan,Southern Asia,141,3.79,0.4,0.58,0.18,0.11,0.31,0.06,2.15,2017
Albania,Central and Eastern Europe,109,4.64,1,0.8,0.73,0.38,0.2,0.04,1.49,2017
Algeria,Middle East and Northern Africa,53,5.87,1.09,1.15,0.62,0.23,0.07,0.15,2.57,2017
Argentina,Latin America and Caribbean,24,6.6,1.19,1.44,0.7,0.49,0.11,0.06,2.61,2017
Armenia,Central and Eastern Europe,121,4.38,0.9,1.01,0.64,0.2,0.08,0.03,1.52,2017
Australia,Australia and New Zealand,10,7.28,1.48,1.51,0.84,0.6,0.48,0.3,2.07,2017
Austria,Western Europe,13,7.01,1.49,1.46,0.82,0.57,0.32,0.22,2.14,2017
Azerbaijan,Central and Eastern Europe,85,5.23,1.15,1.15,0.54,0.4,0.05,0.18,1.76,2017
Bahrain,Middle East and Northern Africa,41,6.09,1.49,1.32,0.65,0.54,0.17,0.26,1.66,2017
Bangladesh,Southern Asia,110,4.61,0.59,0.74,0.53,0.48,0.17,0.12,1.98,2017
Belarus,Central and Eastern Europe,67,5.57,1.16,1.44,0.64,0.3,0.16,0.16,1.72,2017
Belgium,Western Europe,17,6.89,1.46,1.46,0.82,0.54,0.23,0.25,2.12,2017
Benin,Sub-Saharan Africa,143,3.66,0.43,0.44,0.21,0.43,0.21,0.06,1.89,2017
Bhutan,Southern Asia,97,5.01,0.89,1.34,0.5,0.5,0.47,0.17,1.14,2017
Bolivia,Latin America and Caribbean,58,5.82,0.83,1.23,0.47,0.56,0.23,0.06,2.44,2017
Bosnia and Herzegovina,Central and Eastern Europe,90,5.18,0.98,1.07,0.71,0.2,0.33,0,1.89,2017
Botswana,Sub-Saharan Africa,142,3.77,1.12,1.22,0.34,0.51,0.1,0.1,0.38,2017
Brazil,Latin America and Caribbean,22,6.64,1.11,1.43,0.62,0.44,0.16,0.11,2.77,2017
Bulgaria,Central and Eastern Europe,105,4.71,1.16,1.43,0.71,0.29,0.11,0.01,1,2017
Burkina Faso,Sub-Saharan Africa,134,4.03,0.35,1.04,0.22,0.32,0.25,0.12,1.73,2017
Burundi,Sub-Saharan Africa,154,2.9,0.09,0.63,0.15,0.06,0.2,0.08,1.68,2017
Cambodia,Southeastern Asia,129,4.17,0.6,1.01,0.43,0.63,0.39,0.07,1.04,2017
Cameroon,Sub-Saharan Africa,107,4.7,0.56,0.95,0.13,0.43,0.24,0.05,2.33,2017
Canada,North America,7,7.32,1.48,1.48,0.83,0.61,0.44,0.29,2.19,2017
Chad,Sub-Saharan Africa,137,3.94,0.44,0.95,0.04,0.16,0.22,0.05,2.07,2017
Chile,Latin America and Caribbean,20,6.65,1.25,1.28,0.82,0.38,0.33,0.08,2.51,2017
China,Eastern Asia,79,5.27,1.08,1.16,0.74,0.47,0.03,0.02,1.76,2017
Colombia,Latin America and Caribbean,36,6.36,1.07,1.4,0.6,0.48,0.15,0.05,2.62,2017
Congo (Brazzaville),Sub-Saharan Africa,124,4.29,0.81,0.83,0.29,0.44,0.12,0.08,1.72,2017
Congo (Kinshasa),Sub-Saharan Africa,126,4.28,0.09,1.23,0.19,0.24,0.25,0.06,2.22,2017
Costa Rica,Latin America and Caribbean,12,7.08,1.11,1.42,0.76,0.58,0.21,0.1,2.9,2017
Croatia,Central and Eastern Europe,77,5.29,1.22,0.97,0.7,0.26,0.25,0.04,1.85,2017
Cyprus,Western Europe,65,5.62,1.36,1.13,0.84,0.36,0.27,0.04,1.62,2017
Czech Republic,Central and Eastern Europe,23,6.61,1.35,1.43,0.75,0.49,0.09,0.04,2.45,2017
Denmark,Western Europe,2,7.52,1.48,1.55,0.79,0.63,0.36,0.4,2.31,2017
Dominican Republic,Latin America and Caribbean,86,5.23,1.08,1.4,0.57,0.55,0.19,0.11,1.32,2017
Ecuador,Latin America and Caribbean,44,6.01,1,1.29,0.69,0.46,0.15,0.14,2.29,2017
Egypt,Middle East and Northern Africa,104,4.74,0.99,1,0.52,0.28,0.13,0.11,1.7,2017
El Salvador,Latin America and Caribbean,45,6,0.91,1.18,0.6,0.43,0.08,0.09,2.71,2017
Estonia,Central and Eastern Europe,66,5.61,1.32,1.48,0.7,0.48,0.1,0.18,1.36,2017
Ethiopia,Sub-Saharan Africa,119,4.46,0.34,0.86,0.35,0.41,0.31,0.17,2.02,2017
Finland,Western Europe,5,7.47,1.44,1.54,0.81,0.62,0.25,0.38,2.43,2017
France,Western Europe,31,6.44,1.43,1.39,0.84,0.47,0.13,0.17,2.01,2017
Gabon,Sub-Saharan Africa,118,4.47,1.2,1.16,0.36,0.31,0.04,0.08,1.32,2017
Georgia,Central and Eastern Europe,125,4.29,0.95,0.57,0.65,0.31,0.05,0.25,1.5,2017
Germany,Western Europe,16,6.95,1.49,1.47,0.8,0.56,0.34,0.28,2.02,2017
Ghana,Sub-Saharan Africa,131,4.12,0.67,0.87,0.3,0.42,0.26,0.03,1.58,2017
Greece,Western Europe,87,5.23,1.29,1.24,0.81,0.1,0,0.04,1.75,2017
Guatemala,Latin America and Caribbean,29,6.45,0.87,1.26,0.54,0.53,0.28,0.08,2.89,2017
Guinea,Sub-Saharan Africa,149,3.51,0.24,0.79,0.19,0.35,0.26,0.11,1.55,2017
Haiti,Latin America and Caribbean,145,3.6,0.37,0.64,0.28,0.03,0.49,0.1,1.7,2017
Honduras,Latin America and Caribbean,91,5.18,0.73,1.14,0.58,0.35,0.24,0.07,2.07,2017
"Hong Kong S.A.R., China",Eastern Asia,71,5.47,1.55,1.26,0.94,0.49,0.37,0.29,0.55,2017
Hungary,Central and Eastern Europe,75,5.32,1.29,1.34,0.69,0.18,0.08,0.04,1.72,2017
Iceland,Western Europe,3,7.5,1.48,1.61,0.83,0.63,0.48,0.15,2.32,2017
India,Southern Asia,122,4.32,0.79,0.75,0.46,0.47,0.23,0.09,1.52,2017
Indonesia,Southeastern Asia,81,5.26,1,1.27,0.49,0.44,0.61,0.02,1.43,2017
Iran,Middle East and Northern Africa,108,4.69,1.16,0.71,0.64,0.25,0.39,0.05,1.5,2017
Iraq,Middle East and Northern Africa,117,4.5,1.1,0.98,0.5,0.29,0.2,0.11,1.32,2017
Ireland,Western Europe,15,6.98,1.54,1.56,0.81,0.57,0.43,0.3,1.77,2017
Israel,Middle East and Northern Africa,11,7.21,1.38,1.38,0.84,0.41,0.33,0.09,2.8,2017
Italy,Western Europe,48,5.96,1.4,1.44,0.85,0.26,0.17,0.03,1.81,2017
Ivory Coast,Sub-Saharan Africa,128,4.18,0.6,0.9,0.05,0.45,0.2,0.13,1.84,2017
Jamaica,Latin America and Caribbean,76,5.31,0.93,1.37,0.64,0.47,0.23,0.06,1.61,2017
Japan,Eastern Asia,51,5.92,1.42,1.44,0.91,0.51,0.12,0.16,1.36,2017
Jordan,Middle East and Northern Africa,74,5.34,0.99,1.24,0.6,0.42,0.17,0.12,1.79,2017
Kazakhstan,Central and Eastern Europe,60,5.82,1.28,1.38,0.61,0.44,0.2,0.12,1.78,2017
Kenya,Sub-Saharan Africa,112,4.55,0.56,1.07,0.31,0.45,0.44,0.06,1.65,2017
Kosovo,Central and Eastern Europe,78,5.28,0.95,1.14,0.54,0.26,0.32,0.06,2.01,2017
Kuwait,Middle East and Northern Africa,39,6.11,1.63,1.26,0.63,0.5,0.23,0.22,1.64,2017
Kyrgyzstan,Central and Eastern Europe,98,5,0.6,1.39,0.55,0.45,0.43,0.04,1.54,2017
Latvia,Central and Eastern Europe,54,5.85,1.26,1.4,0.64,0.33,0.15,0.07,1.99,2017
Lebanon,Middle East and Northern Africa,88,5.22,1.07,1.13,0.74,0.29,0.26,0.04,1.7,2017
Liberia,Sub-Saharan Africa,148,3.53,0.12,0.87,0.23,0.33,0.27,0.04,1.67,2017
Libya,Middle East and Northern Africa,68,5.53,1.1,1.36,0.52,0.47,0.15,0.09,1.84,2017
Lithuania,Central and Eastern Europe,52,5.9,1.31,1.47,0.63,0.23,0.01,0.01,2.23,2017
Luxembourg,Western Europe,18,6.86,1.74,1.46,0.85,0.6,0.28,0.32,1.62,2017
Madagascar,Sub-Saharan Africa,144,3.64,0.31,0.91,0.38,0.19,0.21,0.07,1.58,2017
Malawi,Sub-Saharan Africa,136,3.97,0.23,0.51,0.32,0.47,0.29,0.07,2.08,2017
Malaysia,Southeastern Asia,42,6.08,1.29,1.28,0.62,0.4,0.42,0.07,2,2017
Mali,Sub-Saharan Africa,127,4.19,0.48,1.28,0.17,0.31,0.18,0.1,1.67,2017
Malta,Western Europe,27,6.53,1.34,1.49,0.82,0.59,0.57,0.15,1.56,2017
Mauritania,Sub-Saharan Africa,123,4.29,0.65,1.27,0.29,0.1,0.2,0.14,1.65,2017
Mauritius,Sub-Saharan Africa,64,5.63,1.19,1.21,0.64,0.49,0.36,0.04,1.7,2017
Mexico,Latin America and Caribbean,25,6.58,1.15,1.21,0.71,0.41,0.12,0.13,2.84,2017
Moldova,Central and Eastern Europe,56,5.84,0.73,1.25,0.59,0.24,0.21,0.01,2.81,2017
Mongolia,Eastern Asia,100,4.95,1.03,1.49,0.56,0.39,0.34,0.03,1.11,2017
Montenegro,Central and Eastern Europe,83,5.24,1.12,1.24,0.67,0.19,0.2,0.09,1.73,2017
Morocco,Middle East and Northern Africa,84,5.24,0.88,0.77,0.6,0.41,0.03,0.09,2.46,2017
Myanmar,Southeastern Asia,114,4.55,0.37,1.12,0.4,0.51,0.84,0.19,1.12,2017
Nepal,Western Europe,99,4.96,0.48,1.18,0.5,0.44,0.39,0.07,1.89,2017
Netherlands,Western Europe,6,7.38,1.5,1.43,0.81,0.59,0.47,0.28,2.29,2017
New Zealand,Australia and New Zealand,8,7.31,1.41,1.55,0.82,0.61,0.5,0.38,2.05,2017
Nicaragua,Latin America and Caribbean,43,6.07,0.74,1.29,0.65,0.45,0.3,0.13,2.51,2017
Niger,Sub-Saharan Africa,135,4.03,0.16,0.99,0.27,0.36,0.23,0.14,1.87,2017
Nigeria,Sub-Saharan Africa,95,5.07,0.78,1.22,0.06,0.39,0.23,0.03,2.37,2017
North Cyprus,Western Europe,61,5.81,1.35,1.19,0.83,0.47,0.27,0.16,1.55,2017
Norway,Western Europe,1,7.54,1.62,1.53,0.8,0.64,0.36,0.32,2.28,2017
Pakistan,Southern Asia,80,5.27,0.73,0.67,0.4,0.24,0.32,0.12,2.79,2017
Palestinian Territories,Middle East and Northern Africa,103,4.78,0.72,1.16,0.57,0.25,0.11,0.09,1.88,2017
Panama,Latin America and Caribbean,30,6.45,1.23,1.37,0.71,0.55,0.21,0.07,2.31,2017
Paraguay,Latin America and Caribbean,70,5.49,0.93,1.51,0.58,0.47,0.22,0.09,1.69,2017
Peru,Latin America and Caribbean,63,5.72,1.04,1.22,0.63,0.45,0.13,0.05,2.21,2017
Philippines,Southeastern Asia,72,5.43,0.86,1.25,0.47,0.59,0.19,0.1,1.97,2017
Poland,Central and Eastern Europe,46,5.97,1.29,1.45,0.7,0.52,0.16,0.06,1.8,2017
Portugal,Western Europe,89,5.2,1.32,1.37,0.8,0.5,0.1,0.02,1.11,2017
Qatar,Middle East and Northern Africa,35,6.38,1.87,1.27,0.71,0.6,0.33,0.44,1.15,2017
Romania,Central and Eastern Europe,57,5.82,1.22,1.15,0.69,0.46,0.13,0,2.18,2017
Russia,Central and Eastern Europe,49,5.96,1.28,1.47,0.55,0.37,0.05,0.03,2.21,2017
Rwanda,Sub-Saharan Africa,151,3.47,0.37,0.95,0.33,0.58,0.25,0.46,0.54,2017
Saudi Arabia,Middle East and Northern Africa,37,6.34,1.53,1.29,0.59,0.45,0.15,0.27,2.07,2017
Senegal,Sub-Saharan Africa,115,4.53,0.48,1.18,0.41,0.38,0.18,0.12,1.79,2017
Serbia,Central and Eastern Europe,73,5.39,1.07,1.26,0.65,0.21,0.22,0.04,1.95,2017
Sierra Leone,Sub-Saharan Africa,106,4.71,0.37,0.98,0.01,0.32,0.29,0.07,2.67,2017
Singapore,Southeastern Asia,26,6.57,1.69,1.35,0.95,0.55,0.35,0.46,1.22,2017
Slovakia,Central and Eastern Europe,40,6.1,1.33,1.51,0.71,0.3,0.14,0.02,2.1,2017
Slovenia,Central and Eastern Europe,62,5.76,1.34,1.45,0.79,0.57,0.24,0.05,1.31,2017
South Africa,Sub-Saharan Africa,101,4.83,1.05,1.38,0.19,0.48,0.14,0.07,1.51,2017
South Korea,Eastern Asia,55,5.84,1.4,1.13,0.9,0.26,0.21,0.06,1.88,2017
Spain,Western Europe,34,6.4,1.38,1.53,0.89,0.41,0.19,0.07,1.93,2017
Sri Lanka,Southern Asia,120,4.44,1.01,1.26,0.63,0.56,0.49,0.07,0.42,2017
Sudan,Sub-Saharan Africa,130,4.14,0.66,1.21,0.29,0.01,0.18,0.09,1.69,2017
Sweden,Western Europe,9,7.28,1.49,1.48,0.83,0.61,0.39,0.38,2.1,2017
Switzerland,Western Europe,4,7.49,1.56,1.52,0.86,0.62,0.29,0.37,2.28,2017
Syria,Middle East and Northern Africa,152,3.46,0.78,0.4,0.5,0.08,0.49,0.15,1.06,2017
Taiwan Province of China,Eastern Asia,33,6.42,1.43,1.38,0.79,0.36,0.26,0.06,2.13,2017
Tajikistan,Central and Eastern Europe,96,5.04,0.52,1.27,0.53,0.47,0.25,0.15,1.85,2017
Tanzania,Sub-Saharan Africa,153,3.35,0.51,1.04,0.36,0.39,0.35,0.07,0.62,2017
Thailand,Southeastern Asia,32,6.42,1.13,1.43,0.65,0.58,0.57,0.03,2.04,2017
Togo,Sub-Saharan Africa,150,3.49,0.31,0.43,0.25,0.38,0.2,0.1,1.84,2017
Trinidad and Tobago,Latin America and Caribbean,38,6.17,1.36,1.38,0.52,0.52,0.33,0.01,2.05,2017
Tunisia,Middle East and Northern Africa,102,4.8,1.01,0.87,0.61,0.29,0.05,0.09,1.89,2017
Turkey,Middle East and Northern Africa,69,5.5,1.2,1.34,0.64,0.3,0.05,0.1,1.88,2017
Turkmenistan,Central and Eastern Europe,59,5.82,1.13,1.49,0.44,0.42,0.25,0.26,1.83,2017
Uganda,Sub-Saharan Africa,133,4.08,0.38,1.13,0.22,0.44,0.33,0.06,1.53,2017
Ukraine,Central and Eastern Europe,132,4.1,0.89,1.39,0.58,0.12,0.27,0.02,0.81,2017
United Arab Emirates,Middle East and Northern Africa,21,6.65,1.63,1.27,0.73,0.61,0.36,0.32,1.73,2017
United Kingdom,Western Europe,19,6.71,1.44,1.5,0.81,0.51,0.49,0.27,1.7,2017
United States,North America,14,6.99,1.55,1.42,0.77,0.51,0.39,0.14,2.22,2017
Uruguay,Latin America and Caribbean,28,6.45,1.22,1.41,0.72,0.58,0.18,0.18,2.17,2017
Uzbekistan,Central and Eastern Europe,47,5.97,0.79,1.55,0.5,0.66,0.42,0.25,1.82,2017
Venezuela,Latin America and Caribbean,82,5.25,1.13,1.43,0.62,0.15,0.07,0.06,1.79,2017
Vietnam,Southeastern Asia,94,5.07,0.79,1.28,0.65,0.57,0.23,0.09,1.46,2017
Yemen,Middle East and Northern Africa,146,3.59,0.59,0.94,0.31,0.25,0.1,0.06,1.35,2017
Zambia,Sub-Saharan Africa,116,4.51,0.64,1,0.26,0.46,0.25,0.08,1.83,2017
Zimbabwe,Sub-Saharan Africa,138,3.88,0.38,1.08,0.2,0.34,0.19,0.1,1.6,2017
Afghanistan,Southern Asia,145,3.63,0.33,0.54,0.26,0.09,0.04,0.19,2.2,2018
Albania,Central and Eastern Europe,112,4.59,0.92,0.82,0.79,0.42,0.03,0.15,1.46,2018
Algeria,Middle East and Northern Africa,84,5.3,0.98,1.15,0.69,0.08,0.14,0.06,2.21,2018
Argentina,Latin America and Caribbean,29,6.39,1.07,1.47,0.74,0.57,0.05,0.06,2.42,2018
Armenia,Central and Eastern Europe,129,4.32,0.82,0.99,0.67,0.26,0.03,0.08,1.48,2018
Australia,Australia and New Zealand,10,7.27,1.34,1.57,0.91,0.65,0.3,0.36,2.14,2018
Austria,Western Europe,12,7.14,1.34,1.5,0.89,0.62,0.22,0.24,2.32,2018
Azerbaijan,Central and Eastern Europe,87,5.2,1.02,1.16,0.6,0.43,0.18,0.03,1.78,2018
Bahrain,Middle East and Northern Africa,43,6.11,1.34,1.37,0.7,0.59,0.12,0.24,1.74,2018
Bangladesh,Southern Asia,115,4.5,0.53,0.85,0.58,0.58,0.14,0.15,1.66,2018
Belarus,Central and Eastern Europe,73,5.48,1.04,1.5,0.7,0.31,0.15,0.1,1.68,2018
Belgium,Western Europe,16,6.93,1.32,1.48,0.89,0.58,0.24,0.19,2.22,2018
Benin,Sub-Saharan Africa,136,4.14,0.38,0.37,0.24,0.44,0.07,0.16,2.48,2018
Bhutan,Southern Asia,97,5.08,0.8,1.34,0.53,0.54,0.17,0.36,1.35,2018
Bolivia,Latin America and Caribbean,62,5.75,0.75,1.22,0.51,0.61,0.05,0.14,2.47,2018
Bosnia and Herzegovina,Central and Eastern Europe,93,5.13,0.92,1.08,0.76,0.28,0,0.22,1.88,2018
Botswana,Sub-Saharan Africa,146,3.59,1.02,1.17,0.42,0.56,0.09,0.04,0.29,2018
Brazil,Latin America and Caribbean,28,6.42,0.99,1.47,0.68,0.49,0.09,0.11,2.59,2018
Bulgaria,Central and Eastern Europe,100,4.93,1.05,1.52,0.71,0.36,0.01,0.06,1.22,2018
Burkina Faso,Sub-Saharan Africa,121,4.42,0.31,1.1,0.25,0.31,0.13,0.18,2.14,2018
Burundi,Sub-Saharan Africa,156,2.91,0.09,0.63,0.15,0.07,0.08,0.15,1.75,2018
Cambodia,Southeastern Asia,120,4.43,0.55,1.09,0.46,0.7,0.07,0.26,1.32,2018
Cameroon,Sub-Saharan Africa,99,4.98,0.54,0.89,0.18,0.45,0.04,0.18,2.69,2018
Canada,North America,7,7.33,1.33,1.53,0.9,0.65,0.29,0.32,2.31,2018
Chad,Sub-Saharan Africa,131,4.3,0.36,0.91,0.05,0.19,0.06,0.18,2.55,2018
Chile,Latin America and Caribbean,25,6.48,1.13,1.33,0.81,0.43,0.06,0.2,2.52,2018
China,Eastern Asia,86,5.25,0.99,1.14,0.8,0.6,0.1,0.03,1.59,2018
Colombia,Latin America and Caribbean,37,6.26,0.96,1.44,0.64,0.53,0.04,0.1,2.56,2018
Congo (Brazzaville),Sub-Saharan Africa,114,4.56,0.68,0.81,0.34,0.51,0.08,0.09,2.04,2018
Congo (Kinshasa),Sub-Saharan Africa,132,4.25,0.07,1.14,0.2,0.31,0.05,0.2,2.28,2018
Costa Rica,Latin America and Caribbean,13,7.07,1.01,1.46,0.82,0.63,0.1,0.14,2.91,2018
Croatia,Central and Eastern Europe,82,5.32,1.12,1.16,0.74,0.38,0.04,0.12,1.77,2018
Cyprus,Western Europe,61,5.76,1.23,1.19,0.91,0.42,0.04,0.2,1.77,2018
Czech Republic,Central and Eastern Europe,21,6.71,1.23,1.49,0.85,0.54,0.03,0.06,2.49,2018
Denmark,Western Europe,3,7.56,1.35,1.59,0.87,0.68,0.41,0.28,2.37,2018
Dominican Republic,Latin America and Caribbean,83,5.3,0.98,1.44,0.61,0.58,0.11,0.12,1.46,2018
Ecuador,Latin America and Caribbean,48,5.97,0.89,1.33,0.74,0.56,0.12,0.11,2.23,2018
Egypt,Middle East and Northern Africa,122,4.42,0.89,1.03,0.55,0.31,0.11,0.09,1.45,2018
El Salvador,Latin America and Caribbean,40,6.17,0.81,1.23,0.64,0.46,0.08,0.07,2.88,2018
Estonia,Central and Eastern Europe,63,5.74,1.2,1.53,0.74,0.55,0.17,0.09,1.46,2018
Ethiopia,Sub-Saharan Africa,127,4.35,0.31,0.95,0.39,0.45,0.15,0.22,1.88,2018
Finland,Western Europe,1,7.63,1.31,1.59,0.87,0.68,0.39,0.2,2.59,2018
France,Western Europe,23,6.49,1.29,1.47,0.91,0.52,0.18,0.1,2.03,2018
Gabon,Sub-Saharan Africa,103,4.76,1.04,1.16,0.4,0.36,0.05,0.03,1.71,2018
Georgia,Central and Eastern Europe,128,4.34,0.85,0.59,0.64,0.38,0.22,0.04,1.62,2018
Germany,Western Europe,15,6.97,1.34,1.47,0.86,0.59,0.28,0.27,2.15,2018
Ghana,Sub-Saharan Africa,108,4.66,0.59,0.9,0.34,0.5,0.03,0.21,2.09,2018
Greece,Western Europe,79,5.36,1.15,1.2,0.88,0.13,0.04,0,1.95,2018
Guatemala,Latin America and Caribbean,30,6.38,0.78,1.27,0.61,0.6,0.07,0.18,2.87,2018
Guinea,Sub-Saharan Africa,140,3.96,0.34,0.79,0.21,0.39,0.09,0.19,1.94,2018
Haiti,Latin America and Caribbean,148,3.58,0.32,0.71,0.29,0.03,0.1,0.39,1.74,2018
Honduras,Latin America and Caribbean,72,5.5,0.62,1.21,0.62,0.46,0.07,0.2,2.33,2018
Hong Kong,Eastern Asia,76,5.43,1.41,1.29,1.03,0.52,0.29,0.25,0.64,2018
Hungary,Central and Eastern Europe,69,5.62,1.17,1.4,0.73,0.26,0.02,0.06,1.97,2018
Iceland,Western Europe,4,7.5,1.34,1.64,0.91,0.68,0.14,0.35,2.43,2018
India,Southern Asia,133,4.19,0.72,0.75,0.49,0.54,0.09,0.17,1.43,2018
Indonesia,Southeastern Asia,96,5.09,0.9,1.22,0.52,0.54,0.02,0.48,1.42,2018
Iran,Middle East and Northern Africa,106,4.71,1.06,0.77,0.69,0.46,0.13,0.28,1.32,2018
Iraq,Middle East and Northern Africa,117,4.46,1.01,0.97,0.54,0.3,0.1,0.15,1.39,2018
Ireland,Western Europe,14,6.98,1.45,1.58,0.88,0.61,0.31,0.31,1.84,2018
Israel,Middle East and Northern Africa,19,6.81,1.3,1.56,0.88,0.53,0.27,0.35,1.91,2018
Italy,Western Europe,47,6,1.26,1.5,0.95,0.28,0.03,0.14,1.84,2018
Ivory Coast,Sub-Saharan Africa,107,4.67,0.54,0.87,0.08,0.47,0.1,0.15,2.46,2018
Jamaica,Latin America and Caribbean,56,5.89,0.82,1.49,0.69,0.58,0.03,0.1,2.18,2018
Japan,Eastern Asia,54,5.92,1.29,1.46,0.99,0.55,0.15,0.08,1.39,2018
Jordan,Middle East and Northern Africa,90,5.16,0.82,1.27,0.65,0.47,0.13,0.13,1.7,2018
Kazakhstan,Central and Eastern Europe,60,5.79,1.14,1.52,0.63,0.45,0.12,0.15,1.78,2018
Kenya,Sub-Saharan Africa,124,4.41,0.49,1.05,0.45,0.5,0.06,0.35,1.5,2018
Kosovo,Central and Eastern Europe,66,5.66,0.86,1.23,0.58,0.45,0.02,0.27,2.25,2018
Kuwait,Middle East and Northern Africa,45,6.08,1.47,1.3,0.68,0.55,0.11,0.17,1.81,2018
Kyrgyzstan,Central and Eastern Europe,92,5.13,0.53,1.42,0.59,0.54,0.04,0.28,1.74,2018
Latvia,Central and Eastern Europe,53,5.93,1.15,1.45,0.67,0.36,0.07,0.09,2.14,2018
Lebanon,Middle East and Northern Africa,80,5.36,0.97,1.18,0.79,0.5,0.14,0.21,1.58,2018
Liberia,Sub-Saharan Africa,149,3.5,0.08,0.86,0.27,0.42,0.03,0.21,1.64,2018
Libya,Middle East and Northern Africa,70,5.57,0.99,1.35,0.55,0.5,0.15,0.12,1.92,2018
Lithuania,Central and Eastern Europe,50,5.95,1.2,1.53,0.72,0.35,0.01,0.03,2.13,2018
Luxembourg,Western Europe,17,6.91,1.58,1.52,0.9,0.63,0.32,0.2,1.77,2018
Madagascar,Sub-Saharan Africa,143,3.77,0.26,0.91,0.4,0.22,0.05,0.16,1.78,2018
Malawi,Sub-Saharan Africa,147,3.59,0.19,0.54,0.31,0.53,0.08,0.21,1.73,2018
Malaysia,Southeastern Asia,35,6.32,1.16,1.26,0.67,0.36,0.06,0.31,2.51,2018
Mali,Sub-Saharan Africa,118,4.45,0.37,1.23,0.15,0.37,0.06,0.14,2.13,2018
Malta,Western Europe,22,6.63,1.27,1.53,0.88,0.65,0.14,0.38,1.79,2018
Mauritania,Sub-Saharan Africa,126,4.36,0.56,1.25,0.29,0.13,0.09,0.13,1.91,2018
Mauritius,Sub-Saharan Africa,55,5.89,1.09,1.39,0.68,0.58,0.05,0.25,1.85,2018
Mexico,Latin America and Caribbean,24,6.49,1.04,1.25,0.76,0.48,0.1,0.07,2.79,2018
Moldova,Central and Eastern Europe,67,5.64,0.66,1.3,0.62,0.23,0,0.17,2.66,2018
Mongolia,Eastern Asia,94,5.13,0.91,1.52,0.58,0.4,0.03,0.25,1.44,2018
Montenegro,Central and Eastern Europe,81,5.35,1.02,1.28,0.73,0.26,0.08,0.11,1.87,2018
Morocco,Middle East and Northern Africa,85,5.25,0.78,0.8,0.67,0.46,0.07,0.03,2.45,2018
Myanmar,Southeastern Asia,130,4.31,0.68,1.17,0.43,0.58,0.18,0.6,0.67,2018
Nepal,Southern Asia,101,4.88,0.43,1.23,0.54,0.53,0.08,0.3,1.78,2018
Netherlands,Western Europe,6,7.44,1.36,1.49,0.88,0.64,0.3,0.33,2.45,2018
New Zealand,Australia and New Zealand,8,7.32,1.27,1.6,0.88,0.67,0.39,0.37,2.16,2018
Nicaragua,Latin America and Caribbean,41,6.14,0.67,1.32,0.7,0.53,0.13,0.21,2.59,2018
Niger,Sub-Saharan Africa,134,4.17,0.13,0.87,0.22,0.39,0.1,0.18,2.28,2018
Nigeria,Sub-Saharan Africa,91,5.16,0.69,1.17,0.05,0.46,0.03,0.2,2.55,2018
Northern Cyprus,Western Europe,58,5.84,1.23,1.21,0.91,0.5,0.15,0.18,1.66,2018
Norway,Western Europe,2,7.59,1.46,1.58,0.86,0.69,0.34,0.29,2.38,2018
Pakistan,Southern Asia,75,5.47,0.65,0.81,0.42,0.33,0.11,0.22,2.92,2018
Palestinian Territories,Middle East and Northern Africa,104,4.74,0.64,1.22,0.6,0.27,0.08,0.09,1.85,2018
Panama,Latin America and Caribbean,27,6.43,1.11,1.44,0.76,0.6,0.06,0.13,2.34,2018
Paraguay,Latin America and Caribbean,64,5.68,0.84,1.52,0.62,0.54,0.07,0.16,1.93,2018
Peru,Latin America and Caribbean,65,5.66,0.93,1.25,0.67,0.53,0.03,0.09,2.15,2018
Philippines,Southeastern Asia,71,5.52,0.78,1.31,0.51,0.64,0.11,0.12,2.06,2018
Poland,Central and Eastern Europe,42,6.12,1.18,1.45,0.78,0.55,0.06,0.11,2,2018
Portugal,Western Europe,77,5.41,1.19,1.43,0.88,0.56,0.02,0.06,1.28,2018
Qatar,Middle East and Northern Africa,32,6.37,1.65,1.3,0.75,0.65,0.17,0.26,1.59,2018
Romania,Central and Eastern Europe,52,5.95,1.12,1.22,0.73,0.53,0,0.09,2.27,2018
Russia,Central and Eastern Europe,59,5.81,1.15,1.48,0.6,0.4,0.03,0.07,2.09,2018
Rwanda,Sub-Saharan Africa,151,3.41,0.33,0.9,0.4,0.64,0.44,0.2,0.5,2018
Saudi Arabia,Middle East and Northern Africa,33,6.37,1.38,1.33,0.63,0.51,0.13,0.1,2.29,2018
Senegal,Sub-Saharan Africa,109,4.63,0.43,1.12,0.43,0.41,0.08,0.14,2.03,2018
Serbia,Central and Eastern Europe,78,5.4,0.98,1.37,0.69,0.29,0.04,0.13,1.9,2018
Sierra Leone,Sub-Saharan Africa,113,4.57,0.26,0.81,0,0.36,0.05,0.24,2.86,2018
Singapore,Southeastern Asia,34,6.34,1.53,1.45,1.01,0.63,0.46,0.26,1.01,2018
Slovakia,Central and Eastern Europe,39,6.17,1.21,1.54,0.78,0.35,0.01,0.12,2.16,2018
Slovenia,Central and Eastern Europe,51,5.95,1.22,1.51,0.86,0.63,0.05,0.16,1.52,2018
South Africa,Sub-Saharan Africa,105,4.72,0.94,1.41,0.33,0.52,0.06,0.1,1.37,2018
South Korea,Eastern Asia,57,5.88,1.27,1.2,0.96,0.24,0.05,0.18,1.98,2018
Spain,Western Europe,36,6.31,1.25,1.54,0.97,0.45,0.07,0.14,1.89,2018
Sri Lanka,Southern Asia,116,4.47,0.92,1.31,0.67,0.59,0.05,0.31,0.63,2018
Sudan,Sub-Saharan Africa,137,4.14,0.61,1.24,0.31,0.02,0.08,0.13,1.75,2018
Sweden,Western Europe,9,7.31,1.36,1.5,0.91,0.66,0.38,0.29,2.22,2018
Switzerland,Western Europe,5,7.49,1.42,1.55,0.93,0.66,0.36,0.26,2.32,2018
Syria,Middle East and Northern Africa,150,3.46,0.69,0.38,0.54,0.09,0.14,0.38,1.24,2018
Taiwan,Eastern Asia,26,6.44,1.37,1.44,0.86,0.42,0.08,0.15,2.14,2018
Tajikistan,Central and Eastern Europe,88,5.2,0.47,1.17,0.6,0.29,0.03,0.19,2.45,2018
Tanzania,Sub-Saharan Africa,153,3.3,0.46,0.99,0.38,0.48,0.1,0.27,0.63,2018
Thailand,Southeastern Asia,46,6.07,1.02,1.42,0.71,0.64,0.03,0.36,1.9,2018
Togo,Sub-Saharan Africa,139,4,0.26,0.47,0.25,0.43,0.1,0.16,2.32,2018
Trinidad & Tobago,Latin America and Caribbean,38,6.19,1.22,1.49,0.56,0.58,0.02,0.17,2.15,2018
Tunisia,Middle East and Northern Africa,111,4.59,0.9,0.91,0.69,0.27,0.06,0.04,1.72,2018
Turkey,Middle East and Northern Africa,74,5.48,1.15,1.38,0.69,0.32,0.11,0.11,1.73,2018
Turkmenistan,Central and Eastern Europe,68,5.64,1.02,1.53,0.52,0.42,0.04,0.2,1.92,2018
Uganda,Sub-Saharan Africa,135,4.16,0.32,1.09,0.24,0.45,0.06,0.26,1.74,2018
Ukraine,Central and Eastern Europe,138,4.1,0.79,1.41,0.61,0.16,0.01,0.19,0.93,2018
United Arab Emirates,Middle East and Northern Africa,20,6.77,2.1,0.78,0.67,0.28,0,0.19,2.76,2018
United Kingdom,Western Europe,11,7.19,1.24,1.43,0.89,0.46,0.08,0.26,2.82,2018
United States,North America,18,6.89,1.4,1.47,0.82,0.55,0.13,0.29,2.23,2018
Uruguay,Latin America and Caribbean,31,6.38,1.09,1.46,0.77,0.63,0.16,0.13,2.15,2018
Uzbekistan,Central and Eastern Europe,44,6.1,0.72,1.58,0.61,0.72,0.26,0.33,1.88,2018
Venezuela,Latin America and Caribbean,102,4.81,1,1.47,0.66,0.13,0.05,0.06,1.44,2018
Vietnam,Southeastern Asia,95,5.1,0.72,1.37,0.7,0.62,0.08,0.18,1.45,2018
Yemen,Middle East and Northern Africa,152,3.36,0.44,1.07,0.34,0.24,0.06,0.08,1.11,2018
Zambia,Sub-Saharan Africa,125,4.38,0.56,1.05,0.3,0.5,0.08,0.22,1.67,2018
Zimbabwe,Sub-Saharan Africa,144,3.69,0.36,1.09,0.25,0.41,0.1,0.13,1.36,2018
Afghanistan,Southern Asia,154,3.2,0.35,0.52,0.36,0,0.03,0.16,1.79,2019
Albania,Central and Eastern Europe,107,4.72,0.95,0.85,0.87,0.38,0.03,0.18,1.46,2019
Algeria,Middle East and Northern Africa,88,5.21,1,1.16,0.79,0.09,0.11,0.07,1.99,2019
Argentina,Latin America and Caribbean,47,6.09,1.09,1.43,0.88,0.47,0.05,0.07,2.09,2019
Armenia,Central and Eastern Europe,116,4.56,0.85,1.06,0.82,0.28,0.06,0.1,1.4,2019
Australia,Australia and New Zealand,11,7.23,1.37,1.55,1.04,0.56,0.29,0.33,2.09,2019
Austria,Western Europe,10,7.25,1.38,1.48,1.02,0.53,0.23,0.24,2.38,2019
Azerbaijan,Central and Eastern Europe,90,5.21,1.04,1.15,0.77,0.35,0.18,0.04,1.68,2019
Bahrain,Middle East and Northern Africa,37,6.2,1.36,1.37,0.87,0.54,0.11,0.26,1.7,2019
Bangladesh,Southern Asia,125,4.46,0.56,0.93,0.72,0.53,0.14,0.17,1.41,2019
Belarus,Central and Eastern Europe,81,5.32,1.07,1.47,0.79,0.24,0.14,0.09,1.53,2019
Belgium,Western Europe,18,6.92,1.36,1.5,0.99,0.47,0.21,0.16,2.23,2019
Benin,Sub-Saharan Africa,102,4.88,0.39,0.44,0.4,0.35,0.08,0.18,3.05,2019
Bhutan,Southern Asia,95,5.08,0.81,1.32,0.6,0.46,0.17,0.37,1.35,2019
Bolivia,Latin America and Caribbean,61,5.78,0.78,1.21,0.71,0.51,0.06,0.14,2.38,2019
Bosnia and Herzegovina,Central and Eastern Europe,78,5.39,0.95,1.21,0.85,0.21,0.01,0.26,1.9,2019
Botswana,Sub-Saharan Africa,148,3.49,1.04,1.15,0.54,0.46,0.1,0.03,0.18,2019
Brazil,Latin America and Caribbean,32,6.3,1,1.44,0.8,0.39,0.09,0.1,2.48,2019
Bulgaria,Central and Eastern Europe,97,5.01,1.09,1.51,0.82,0.31,0,0.08,1.2,2019
Burkina Faso,Sub-Saharan Africa,115,4.59,0.33,1.06,0.38,0.26,0.11,0.18,2.28,2019
Burundi,Sub-Saharan Africa,145,3.78,0.05,0.45,0.38,0.22,0.18,0.18,2.33,2019
Cambodia,Southeastern Asia,109,4.7,0.57,1.12,0.64,0.61,0.06,0.23,1.46,2019
Cameroon,Sub-Saharan Africa,96,5.04,0.55,0.91,0.33,0.38,0.04,0.19,2.65,2019
Canada,North America,9,7.28,1.37,1.51,1.04,0.58,0.31,0.29,2.19,2019
Chad,Sub-Saharan Africa,132,4.35,0.35,0.77,0.19,0.17,0.08,0.2,2.59,2019
Chile,Latin America and Caribbean,26,6.44,1.16,1.37,0.92,0.36,0.06,0.19,2.4,2019
China,Eastern Asia,93,5.19,1.03,1.13,0.89,0.52,0.1,0.06,1.47,2019
Colombia,Latin America and Caribbean,43,6.13,0.99,1.41,0.84,0.47,0.03,0.1,2.29,2019
Congo (Brazzaville),Sub-Saharan Africa,103,4.81,0.67,0.8,0.51,0.37,0.09,0.11,2.26,2019
Congo (Kinshasa),Sub-Saharan Africa,127,4.42,0.09,1.13,0.36,0.27,0.05,0.21,2.31,2019
Costa Rica,Latin America and Caribbean,12,7.17,1.03,1.44,0.96,0.56,0.09,0.14,2.93,2019
Croatia,Central and Eastern Europe,75,5.43,1.16,1.27,0.91,0.3,0.02,0.12,1.66,2019
Cyprus,Western Europe,49,6.05,1.26,1.22,1.04,0.41,0.04,0.19,1.88,2019
Czech Republic,Central and Eastern Europe,20,6.85,1.27,1.49,0.92,0.46,0.04,0.05,2.64,2019
Denmark,Western Europe,2,7.6,1.38,1.57,1,0.59,0.41,0.25,2.39,2019
Dominican Republic,Sub-Saharan Africa,77,5.43,1.02,1.4,0.78,0.5,0.1,0.11,1.52,2019
Ecuador,Latin America and Caribbean,50,6.03,0.91,1.31,0.87,0.5,0.09,0.13,2.23,2019
Egypt,Latin America and Caribbean,137,4.17,0.91,1.04,0.64,0.24,0.07,0.08,1.19,2019
El Salvador,Middle East and Northern Africa,35,6.25,0.79,1.24,0.79,0.43,0.07,0.09,2.83,2019
Estonia,Central and Eastern Europe,55,5.89,1.24,1.53,0.87,0.5,0.16,0.1,1.5,2019
Ethiopia,Sub-Saharan Africa,134,4.29,0.34,1.03,0.53,0.34,0.1,0.21,1.73,2019
Finland,Western Europe,1,7.77,1.34,1.59,0.99,0.6,0.39,0.15,2.71,2019
France,Western Europe,24,6.59,1.32,1.47,1.05,0.44,0.18,0.11,2.02,2019
Gabon,Sub-Saharan Africa,104,4.8,1.06,1.18,0.57,0.3,0.06,0.04,1.6,2019
Georgia,Central and Eastern Europe,119,4.52,0.89,0.67,0.75,0.35,0.16,0.04,1.66,2019
Germany,Western Europe,17,6.99,1.37,1.45,0.99,0.5,0.27,0.26,2.15,2019
Ghana,Sub-Saharan Africa,98,5,0.61,0.87,0.49,0.38,0.04,0.25,2.37,2019
Greece,Western Europe,82,5.29,1.18,1.16,1,0.07,0.03,0,1.85,2019
Guatemala,Latin America and Caribbean,27,6.44,0.8,1.27,0.75,0.54,0.08,0.18,2.83,2019
Guinea,Sub-Saharan Africa,118,4.53,0.38,0.83,0.38,0.33,0.09,0.21,2.33,2019
Haiti,Latin America and Caribbean,147,3.6,0.32,0.69,0.45,0.03,0.11,0.42,1.58,2019
Honduras,Latin America and Caribbean,59,5.86,0.64,1.24,0.83,0.51,0.08,0.25,2.32,2019
Hong Kong,Eastern Asia,76,5.43,1.44,1.28,1.12,0.44,0.29,0.26,0.61,2019
Hungary,Central and Eastern Europe,62,5.76,1.2,1.41,0.83,0.2,0.02,0.08,2.02,2019
Iceland,Western Europe,4,7.49,1.38,1.62,1.03,0.59,0.12,0.35,2.4,2019
India,Southern Asia,140,4.02,0.76,0.77,0.59,0.5,0.09,0.2,1.12,2019
Indonesia,Southeastern Asia,92,5.19,0.93,1.2,0.66,0.49,0.03,0.5,1.38,2019
Iran,Middle East and Northern Africa,117,4.55,1.1,0.84,0.79,0.31,0.13,0.27,1.12,2019
Iraq,Middle East and Northern Africa,126,4.44,1.04,0.98,0.57,0.24,0.09,0.15,1.36,2019
Ireland,Western Europe,16,7.02,1.5,1.55,1,0.52,0.31,0.3,1.85,2019
Israel,Middle East and Northern Africa,13,7.14,1.28,1.46,1.03,0.37,0.08,0.26,2.67,2019
Italy,Western Europe,36,6.22,1.29,1.49,1.04,0.23,0.03,0.16,1.98,2019
Ivory Coast,Sub-Saharan Africa,99,4.94,0.57,0.81,0.23,0.35,0.09,0.15,2.74,2019
Jamaica,Latin America and Caribbean,56,5.89,0.83,1.48,0.83,0.49,0.03,0.11,2.13,2019
Japan,Eastern Asia,58,5.89,1.33,1.42,1.09,0.45,0.14,0.07,1.4,2019
Jordan,Middle East and Northern Africa,101,4.91,0.84,1.23,0.82,0.38,0.13,0.11,1.41,2019
Kazakhstan,Central and Eastern Europe,60,5.81,1.17,1.51,0.73,0.41,0.1,0.15,1.75,2019
Kenya,Sub-Saharan Africa,121,4.51,0.51,0.98,0.58,0.43,0.05,0.37,1.58,2019
Kosovo,Central and Eastern Europe,46,6.1,0.88,1.23,0.76,0.49,0.01,0.26,2.47,2019
Kuwait,Middle East and Northern Africa,51,6.02,1.5,1.32,0.81,0.49,0.1,0.14,1.66,2019
Kyrgyzstan,Central and Eastern Europe,86,5.26,0.55,1.44,0.72,0.51,0.02,0.3,1.72,2019
Latvia,Central and Eastern Europe,53,5.94,1.19,1.47,0.81,0.26,0.06,0.08,2.07,2019
Lebanon,Middle East and Northern Africa,91,5.2,0.99,1.22,0.82,0.22,0.03,0.17,1.76,2019
Liberia,Sub-Saharan Africa,141,3.98,0.07,0.92,0.44,0.37,0.03,0.23,1.9,2019
Libya,Middle East and Northern Africa,72,5.53,1.04,1.3,0.67,0.42,0.15,0.13,1.8,2019
Lithuania,Central and Eastern Europe,42,6.15,1.24,1.52,0.82,0.29,0.04,0.04,2.2,2019
Luxembourg,Western Europe,14,7.09,1.61,1.48,1.01,0.53,0.32,0.19,1.95,2019
Madagascar,Sub-Saharan Africa,143,3.93,0.27,0.92,0.56,0.15,0.04,0.17,1.83,2019
Malawi,Sub-Saharan Africa,150,3.41,0.19,0.56,0.5,0.44,0.09,0.22,1.41,2019
Malaysia,Southeastern Asia,80,5.34,1.22,1.17,0.83,0.51,0.02,0.26,1.33,2019
Mali,Sub-Saharan Africa,128,4.39,0.39,1.11,0.31,0.33,0.05,0.15,2.06,2019
Malta,Western Europe,22,6.73,1.3,1.52,1,0.56,0.15,0.38,1.82,2019
Mauritania,Sub-Saharan Africa,122,4.49,0.57,1.17,0.49,0.07,0.09,0.11,2,2019
Mauritius,Sub-Saharan Africa,57,5.89,1.12,1.4,0.8,0.5,0.06,0.22,1.8,2019
Mexico,Latin America and Caribbean,23,6.6,1.07,1.32,0.86,0.43,0.07,0.07,2.76,2019
Moldova,Central and Eastern Europe,71,5.53,0.69,1.33,0.74,0.25,0,0.18,2.35,2019
Mongolia,Eastern Asia,83,5.29,0.95,1.53,0.67,0.32,0.04,0.24,1.55,2019
Montenegro,Central and Eastern Europe,73,5.52,1.05,1.36,0.87,0.2,0.08,0.14,1.82,2019
Morocco,Middle East and Northern Africa,89,5.21,0.8,0.78,0.78,0.42,0.08,0.04,2.31,2019
Myanmar,Sub-Saharan Africa,131,4.36,0.71,1.18,0.56,0.53,0.17,0.57,0.65,2019
Namibia,Southeastern Asia,113,4.64,0.88,1.31,0.48,0.4,0.06,0.07,1.44,2019
Nepal,Southern Asia,100,4.91,0.45,1.23,0.68,0.44,0.09,0.29,1.75,2019
Netherlands,Western Europe,5,7.49,1.4,1.52,1,0.56,0.3,0.32,2.39,2019
New Zealand,Australia and New Zealand,8,7.31,1.3,1.56,1.03,0.59,0.38,0.33,2.13,2019
Nicaragua,Latin America and Caribbean,45,6.11,0.69,1.33,0.84,0.44,0.13,0.2,2.49,2019
Niger,Sub-Saharan Africa,114,4.63,0.14,0.77,0.37,0.32,0.1,0.19,2.74,2019
Nigeria,Sub-Saharan Africa,85,5.27,0.7,1.11,0.25,0.43,0.04,0.22,2.53,2019
Northern Cyprus,Western Europe,64,5.72,1.26,1.25,1.04,0.42,0.16,0.19,1.39,2019
Norway,Western Europe,3,7.55,1.49,1.58,1.03,0.6,0.34,0.27,2.24,2019
Pakistan,Southern Asia,67,5.65,0.68,0.89,0.54,0.31,0.1,0.22,2.92,2019
Palestinian Territories,Middle East and Northern Africa,110,4.7,0.66,1.25,0.67,0.23,0.07,0.1,1.73,2019
Panama,Latin America and Caribbean,31,6.32,1.15,1.44,0.91,0.52,0.05,0.11,2.14,2019
Paraguay,Latin America and Caribbean,63,5.74,0.86,1.48,0.78,0.51,0.08,0.18,1.86,2019
Peru,Latin America and Caribbean,65,5.7,0.96,1.27,0.85,0.46,0.03,0.08,2.04,2019
Philippines,Southeastern Asia,69,5.63,0.81,1.29,0.66,0.56,0.11,0.12,2.09,2019
Poland,Central and Eastern Europe,40,6.18,1.21,1.44,0.88,0.48,0.05,0.12,2,2019
Portugal,Western Europe,66,5.69,1.22,1.43,1,0.51,0.03,0.05,1.46,2019
Qatar,Middle East and Northern Africa,29,6.37,1.68,1.31,0.87,0.56,0.17,0.22,1.56,2019
Romania,Central and Eastern Europe,48,6.07,1.16,1.23,0.83,0.46,0.01,0.08,2.3,2019
Russia,Central and Eastern Europe,68,5.65,1.18,1.45,0.73,0.33,0.03,0.08,1.84,2019
Rwanda,Sub-Saharan Africa,152,3.33,0.36,0.71,0.61,0.56,0.41,0.22,0.47,2019
Saudi Arabia,Middle East and Northern Africa,28,6.38,1.4,1.36,0.8,0.44,0.13,0.08,2.17,2019
Senegal,Sub-Saharan Africa,111,4.68,0.45,1.13,0.57,0.29,0.07,0.15,2.01,2019
Serbia,Central and Eastern Europe,70,5.6,1,1.38,0.85,0.28,0.04,0.14,1.9,2019
Sierra Leone,Sub-Saharan Africa,129,4.37,0.27,0.84,0.24,0.31,0.05,0.25,2.42,2019
Singapore,Southeastern Asia,34,6.26,1.57,1.46,1.14,0.56,0.45,0.27,0.81,2019
Slovakia,Central and Eastern Europe,38,6.2,1.25,1.5,0.88,0.33,0.01,0.12,2.1,2019
Slovenia,Central and Eastern Europe,44,6.12,1.26,1.52,0.95,0.56,0.06,0.14,1.62,2019
South Africa,Sub-Saharan Africa,106,4.72,0.96,1.35,0.47,0.39,0.06,0.13,1.37,2019
South Korea,Eastern Asia,54,5.9,1.3,1.22,1.04,0.16,0.06,0.18,1.95,2019
Sudan,Sub-Saharan Africa,156,2.85,0.31,0.58,0.3,0.01,0.09,0.2,1.37,2019
Spain,Western Europe,30,6.35,1.29,1.48,1.06,0.36,0.08,0.15,1.93,2019
Sri Lanka,Southern Asia,130,4.37,0.95,1.27,0.83,0.47,0.05,0.24,0.56,2019
Sweden,Western Europe,7,7.34,1.39,1.49,1.01,0.57,0.37,0.27,2.25,2019
Switzerland,Western Europe,6,7.48,1.45,1.53,1.05,0.57,0.34,0.26,2.27,2019
Syria,Middle East and Northern Africa,149,3.46,0.62,0.38,0.44,0.01,0.14,0.33,1.54,2019
Taiwan,Eastern Asia,25,6.45,1.37,1.43,0.91,0.35,0.1,0.24,2.04,2019
Tajikistan,Central and Eastern Europe,74,5.47,0.49,1.1,0.72,0.39,0.14,0.23,2.4,2019
Tanzania,Sub-Saharan Africa,153,3.23,0.48,0.89,0.5,0.42,0.15,0.28,0.53,2019
Thailand,Southeastern Asia,52,6.01,1.05,1.41,0.83,0.56,0.03,0.36,1.78,2019
Togo,Sub-Saharan Africa,139,4.09,0.28,0.57,0.41,0.29,0.09,0.18,2.27,2019
Trinidad and Tobago,Latin America and Caribbean,39,6.19,1.23,1.48,0.71,0.49,0.02,0.19,2.08,2019
Tunisia,Middle East and Northern Africa,124,4.46,0.92,1,0.82,0.17,0.06,0.06,1.44,2019
Turkey,Middle East and Northern Africa,79,5.37,1.18,1.36,0.81,0.2,0.11,0.08,1.64,2019
Turkmenistan,Central and Eastern Europe,87,5.25,1.05,1.54,0.66,0.39,0.03,0.24,1.33,2019
Uganda,Sub-Saharan Africa,136,4.19,0.33,1.07,0.44,0.36,0.06,0.25,1.68,2019
Ukraine,Central and Eastern Europe,133,4.33,0.82,1.39,0.74,0.18,0.01,0.19,1.01,2019
United Arab Emirates,Middle East and Northern Africa,21,6.83,1.5,1.31,0.83,0.6,0.18,0.26,2.15,2019
United Kingdom,Western Europe,15,7.05,1.33,1.54,1,0.45,0.28,0.35,2.11,2019
United States,North America,19,6.89,1.43,1.46,0.87,0.45,0.13,0.28,2.27,2019
Uruguay,Latin America and Caribbean,33,6.29,1.12,1.47,0.89,0.52,0.15,0.13,2.01,2019
Uzbekistan,Central and Eastern Europe,41,6.17,0.75,1.53,0.76,0.63,0.24,0.32,1.95,2019
Venezuela,Latin America and Caribbean,108,4.71,0.96,1.43,0.81,0.15,0.05,0.06,1.25,2019
Vietnam,Southeastern Asia,94,5.18,0.74,1.35,0.85,0.54,0.07,0.15,1.47,2019
Yemen,Middle East and Northern Africa,151,3.38,0.29,1.16,0.46,0.14,0.08,0.11,1.14,2019
Zambia,Sub-Saharan Africa,138,4.11,0.58,1.06,0.43,0.43,0.09,0.25,1.28,2019
Zimbabwe,Sub-Saharan Africa,146,3.66,0.37,1.11,0.43,0.36,0.09,0.15,1.15,2019
